Product,Region,Sales,Profit,City,Price
Desktop,East,2172,223,Ahemdabad,25000
Tablet,North,4233,298,Mumbai,25000
Desktop,Central,4222,991,Kutch,25000
Smartphone,North,3322,494,Patan,25000
Laptop,West,4398,811,Patan,25000
Laptop,South,4649,691,Patan,25000
Smartphone,Central,4658,523,Patan,25000
Headphones,East,3401,502,Ahemdabad,25000
Tablet,South,1470,918,Mumbai,25000
Smartphone,North,668,747,Kutch,25000
Headphones,North,1534,503,Bhopal,25000
Tablet,South,2577,345,Pune,25000
Tablet,North,3874,796,Gandhinagar,25000
Laptop,North,4274,223,Amreli,25000
Desktop,South,1603,484,Rajkot,25000
Headphones,South,1991,451,Noida,25000
Desktop,East,1322,538,Gandhinagar,25000
Smartwatch,South,2598,719,Rajkot,25000
Smartwatch,Central,2361,367,Gandhinagar,25000
Tablet,Central,2154,209,Rajkot,25000
Desktop,North,547,517,Pune,25000
Smartwatch,East,2897,963,Amreli,25000
Headphones,North,3154,577,Ahemdabad,25000
Smartwatch,West,2220,664,Pune,25000
Smartphone,Central,2906,933,Amreli,25000
Desktop,East,2019,156,Gandhinagar,25000
Smartphone,South,3104,553,Noida,50000
Desktop,East,3165,123,Pune,50000
Headphones,North,4524,541,Patan,50000
Smartphone,North,3754,615,Ahemdabad,50000
Desktop,South,958,906,Amreli,50000
Smartphone,East,3241,933,Mumbai,50000
Headphones,South,1055,200,Delhi,50000
Smartwatch,South,1016,940,Bangalore,50000
Smartphone,South,2020,283,Hyderabad,50000
Desktop,West,1203,307,Chennai,50000
Laptop,South,4073,129,Pune,50000
Headphones,South,2737,316,Amreli,50000
Laptop,North,1682,321,Gandhinagar,50000
Tablet,East,1912,205,Noida,50000
Laptop,South,614,976,Pune,50000
Headphones,South,3318,681,Patan,50000
Laptop,West,685,646,Ahemdabad,50000
Smartwatch,Central,3742,817,Patan,50000
Smartwatch,South,2975,428,Patan,50000
Desktop,North,2949,812,Patan,15000
Smartphone,South,1832,314,Patan,15000
Desktop,South,2751,810,Ahemdabad,15000
Smartwatch,Central,2388,823,Mumbai,15000
Tablet,North,2446,686,Kutch,15000
Headphones,West,4857,196,Bhopal,15000
Desktop,East,1392,315,Pune,15000
Tablet,Central,737,564,Gandhinagar,15000
Laptop,Central,3674,494,Amreli,15000
Smartwatch,Central,4600,892,Rajkot,15000
Smartwatch,North,1880,428,Mumbai,15000
Smartwatch,West,2900,544,Kutch,15000
Tablet,South,3436,245,Patan,15000
Desktop,East,4862,634,Patan,15000
Desktop,Central,1536,210,Patan,15000
Laptop,South,4882,925,Patan,15000
Desktop,West,4384,245,Ahemdabad,15000
Headphones,North,1090,652,Mumbai,15000
Headphones,South,3087,472,Kutch,15000
Tablet,Central,764,586,Bhopal,15000
Tablet,North,1582,650,Pune,15000
Desktop,East,1735,155,Gandhinagar,15000
Laptop,Central,3882,550,Amreli,15000
Tablet,East,3743,53,Rajkot,15000
Headphones,North,1406,699,Noida,15000
Smartwatch,West,964,731,Gandhinagar,15000
Tablet,East,4058,246,Rajkot,15000
Smartphone,North,2227,629,Gandhinagar,15000
Headphones,North,527,89,Rajkot,15000
Tablet,North,506,815,Pune,15000
Smartwatch,North,2316,380,Amreli,15000
Smartphone,South,2561,521,Ahemdabad,15000
Smartwatch,West,4055,771,Pune,15000
Headphones,South,2396,204,Amreli,15000
Headphones,South,1021,450,Gandhinagar,15000
Tablet,South,1236,284,Noida,15000
Desktop,East,4704,613,Pune,15000
Smartphone,West,2079,494,Patan,15000
Tablet,North,1062,146,Ahemdabad,15000
Desktop,West,3824,509,Amreli,15000
Smartwatch,Central,4072,580,Mumbai,15000
Smartwatch,South,2573,541,Delhi,15000
Headphones,East,4711,927,Bangalore,15000
Headphones,West,3050,777,Hyderabad,15000
Desktop,Central,4734,390,Chennai,15000
Smartphone,Central,1437,563,Pune,15000
Smartwatch,Central,3076,82,Amreli,15000
Smartphone,South,4263,193,Gandhinagar,15000
Laptop,Central,3605,575,Noida,15000
Tablet,West,1520,708,Pune,15000
Smartwatch,East,1526,543,Patan,15000
Laptop,Central,4307,681,Ahemdabad,15000
Headphones,North,3233,484,Patan,15000
Tablet,East,2756,480,Patan,15000
Smartwatch,West,3797,617,Patan,15000
Tablet,East,706,676,Patan,15000
Headphones,East,729,116,Ahemdabad,15000
Smartphone,East,4574,241,Mumbai,15000
Smartwatch,West,3642,156,Kutch,20000
Smartwatch,Central,2870,629,Bhopal,20000
Desktop,South,3935,541,Pune,20000
Tablet,West,2210,426,Gandhinagar,20000
Headphones,East,3539,809,Delhi,20000
Desktop,West,708,129,Bangalore,20000
Desktop,North,3828,846,Hyderabad,20000
Smartwatch,Central,1825,477,Chennai,20000
Smartwatch,North,3945,618,Pune,20000
Smartphone,East,1318,944,Amreli,20000
Laptop,West,1816,258,Gandhinagar,20000
Headphones,East,3226,955,Noida,20000
Headphones,East,3395,936,Pune,20000
Smartphone,East,2596,434,Patan,20000
Smartphone,North,2212,70,Ahemdabad,20000
Smartphone,East,3782,736,Mumbai,20000
Tablet,East,1887,945,Delhi,20000
Smartphone,South,1867,376,Bangalore,20000
Smartwatch,South,1500,787,Hyderabad,20000
Tablet,East,3007,331,Chennai,20000
Smartwatch,South,2648,503,Mumbai,20000
Laptop,East,1684,547,Kutch,20000
Laptop,Central,1038,801,Patan,20000
Tablet,West,4609,442,Patan,20000
Smartwatch,West,2044,984,Patan,20000
Headphones,West,1932,685,Patan,20000
Laptop,North,1453,379,Ahemdabad,20000
Laptop,West,1558,867,Mumbai,20000
Tablet,South,3342,277,Kutch,20000
Laptop,West,666,973,Bhopal,20000
Tablet,South,4920,434,Pune,20000
Headphones,Central,3117,628,Gandhinagar,20000
Smartwatch,West,1205,929,Amreli,20000
Laptop,South,2030,338,Rajkot,20000
Headphones,West,1024,754,Noida,20000
Smartphone,South,4900,586,Gandhinagar,20000
Desktop,Central,2034,103,Rajkot,20000
Tablet,West,2784,104,Gandhinagar,20000
Laptop,West,3398,322,Rajkot,20000
Headphones,South,3172,779,Pune,20000
Headphones,West,2876,981,Amreli,20000
Desktop,South,1242,320,Ahemdabad,20000
Desktop,East,2309,294,Pune,20000
Smartphone,East,3712,284,Amreli,20000
Desktop,West,4473,488,Gandhinagar,20000
Smartwatch,North,1949,195,Noida,20000
Smartphone,West,2947,827,Pune,20000
Smartphone,East,3068,489,Patan,20000
Tablet,Central,3570,620,Ahemdabad,20000
Headphones,East,525,95,Amreli,20000
Smartphone,South,1757,607,Mumbai,20000
Smartwatch,West,1838,306,Delhi,20000
Tablet,North,2241,700,Bangalore,20000
Smartwatch,Central,1335,669,Hyderabad,20000
Tablet,South,4739,295,Chennai,20000
Desktop,South,1371,939,Pune,20000
Desktop,North,2872,221,Amreli,20000
Desktop,West,3499,984,Gandhinagar,20000
Smartphone,Central,4071,174,Noida,20000
Smartwatch,East,3421,265,Pune,20000
Tablet,North,3224,371,Patan,20000
Laptop,West,3706,112,Ahemdabad,20000
Headphones,North,1240,378,Patan,20000
Laptop,South,4683,737,Patan,20000
Desktop,South,4533,591,Patan,20000
Tablet,East,2762,94,Patan,20000
Laptop,East,4158,604,Ahemdabad,20000
Smartphone,East,2121,156,Mumbai,20000
Laptop,West,2153,579,Kutch,20000
Smartphone,North,3416,80,Bhopal,20000
Smartphone,West,964,353,Pune,20000
Laptop,West,2272,235,Gandhinagar,20000
Tablet,South,1300,458,Patan,20000
Laptop,North,1008,78,Patan,20000
Tablet,South,3125,192,Patan,20000
Headphones,East,4045,707,Patan,20000
Tablet,East,4272,584,Ahemdabad,20000
Smartphone,South,2276,748,Mumbai,20000
Laptop,North,2703,56,Kutch,20000
Laptop,Central,3085,522,Bhopal,20000
Tablet,East,4493,256,Pune,20000
Headphones,Central,2584,292,Gandhinagar,20000
Tablet,South,4953,932,Amreli,20000
Headphones,Central,3109,960,Rajkot,20000
Headphones,Central,4741,711,Mumbai,20000
Smartwatch,West,2791,898,Kutch,20000
Smartwatch,South,3122,54,Patan,20000
Laptop,North,2739,58,Patan,20000
Desktop,Central,2147,185,Patan,20000
Laptop,South,1978,846,Patan,20000
Tablet,East,1763,915,Ahemdabad,20000
Headphones,South,2341,392,Mumbai,20000
Laptop,South,2325,853,Kutch,20000
Headphones,East,3742,830,Bhopal,20000
Desktop,North,3536,799,Pune,20000
Smartphone,South,3205,113,Gandhinagar,20000
Headphones,Central,1855,190,Amreli,20000
Laptop,South,700,274,Rajkot,20000
Tablet,North,3411,229,Noida,20000
Tablet,West,3343,877,Gandhinagar,20000
Tablet,South,3923,793,Rajkot,20000
Smartphone,North,748,249,Gandhinagar,20000
Headphones,East,4190,793,Rajkot,20000
Smartwatch,East,707,960,Pune,20000
Headphones,East,1402,960,Amreli,20000
Tablet,West,3470,293,Ahemdabad,20000
Laptop,West,4282,174,Pune,20000
Headphones,West,955,637,Amreli,20000
Smartphone,South,1571,395,Gandhinagar,20000
Desktop,West,678,451,Noida,20000
Laptop,North,2212,304,Pune,20000
Desktop,South,1445,582,Patan,20000
Smartwatch,East,4470,450,Ahemdabad,20000
Tablet,South,3724,637,Amreli,20000
Tablet,Central,3291,827,Mumbai,20000
Headphones,North,2675,353,Delhi,20000
Headphones,North,1854,645,Bangalore,20000
Smartphone,West,1869,991,Hyderabad,20000
Smartwatch,South,4024,704,Chennai,20000
Laptop,North,3570,605,Pune,20000
Smartwatch,East,2164,197,Amreli,20000
Tablet,West,757,804,Gandhinagar,20000
Desktop,East,2567,190,Noida,20000
Desktop,East,4050,304,Pune,20000
Laptop,North,2248,151,Patan,20000
Desktop,East,4367,249,Ahemdabad,20000
Headphones,Central,3533,912,Patan,20000
Smartphone,South,3596,527,Patan,20000
Smartphone,West,3715,62,Patan,20000
Smartphone,Central,4044,559,Patan,20000
Tablet,South,3558,379,Ahemdabad,20000
Laptop,South,1683,779,Mumbai,20000
Desktop,East,2693,907,Kutch,20000
Tablet,South,570,920,Bhopal,20000
Desktop,East,2659,359,Pune,20000
Headphones,Central,4236,933,Gandhinagar,20000
Smartwatch,West,3971,971,Mumbai,20000
Smartwatch,North,4438,436,Delhi,20000
Laptop,South,4451,893,Bangalore,20000
Laptop,South,3683,880,Hyderabad,20000
Tablet,West,3960,806,Chennai,20000
Desktop,North,3957,330,Delhi,20000
Headphones,West,1439,506,Bangalore,20000
Laptop,East,3033,204,Hyderabad,20000
Headphones,South,2713,985,Chennai,20000
Smartwatch,Central,2968,316,Pune,20000
Desktop,East,744,807,Amreli,20000
Smartphone,Central,3561,420,Gandhinagar,20000
Desktop,Central,2583,281,Noida,20000
Desktop,South,3407,896,Pune,20000
Headphones,South,2455,569,Patan,20000
Smartwatch,North,1211,144,Ahemdabad,20000
Smartwatch,East,3344,309,Mumbai,20000
Headphones,East,1817,177,Delhi,20000
Tablet,Central,4134,607,Bangalore,20000
Desktop,North,4840,773,Hyderabad,20000
Desktop,Central,4311,608,Chennai,20000
Desktop,West,4079,626,Pune,20000
Smartphone,East,4734,1000,Amreli,20000
Smartphone,East,1308,767,Gandhinagar,20000
Desktop,West,3716,157,Noida,20000
Laptop,South,3193,255,Pune,20000
Smartphone,North,624,918,Patan,20000
Smartwatch,South,2185,653,Ahemdabad,20000
Headphones,South,1309,84,Pune,20000
Tablet,South,1404,872,Amreli,20000
Desktop,Central,4805,315,Gandhinagar,20000
Desktop,East,1041,408,Noida,20000
Smartphone,South,2706,378,Pune,20000
Smartphone,East,2549,497,Patan,20000
Smartphone,Central,1903,144,Ahemdabad,20000
Smartphone,South,4941,639,Pune,20000
Desktop,East,711,579,Amreli,20000
Smartphone,Central,3324,441,Gandhinagar,20000
Laptop,Central,4696,173,Noida,20000
Smartwatch,West,4505,75,Pune,20000
Tablet,South,3692,346,Patan,20000
Tablet,North,3171,316,Ahemdabad,20000
Smartphone,West,4819,332,Amreli,20000
Headphones,West,3635,927,Gandhinagar,20000
Laptop,East,2498,680,Noida,20000
Tablet,East,4305,183,Pune,20000
Smartwatch,South,2006,798,Patan,20000
Smartwatch,Central,4908,676,Ahemdabad,20000
Headphones,South,3062,132,Patan,20000
Headphones,South,4337,564,Patan,20000
Desktop,West,1213,231,Patan,20000
Tablet,Central,3994,50,Patan,20000
Smartphone,East,4867,605,Ahemdabad,20000
Headphones,East,3666,775,Mumbai,20000
Desktop,North,3691,100,Kutch,20000
Headphones,Central,1878,108,Bhopal,20000
Desktop,Central,2585,363,Pune,20000
Smartwatch,Central,3044,686,Gandhinagar,20000
Smartphone,North,4009,122,Patan,20000
Headphones,East,2669,420,Patan,20000
Smartwatch,South,2774,459,Patan,20000
Tablet,West,2864,877,Patan,20000
Desktop,South,756,351,Ahemdabad,20000
Smartphone,West,3401,743,Mumbai,20000
Desktop,North,1384,678,Kutch,20000
Tablet,South,2134,125,Bhopal,20000
Headphones,North,2666,191,Pune,20000
Smartphone,East,1701,696,Gandhinagar,20000
Smartphone,Central,4498,365,Amreli,20000
Smartphone,West,3269,228,Rajkot,20000
Headphones,East,725,105,Mumbai,20000
Smartphone,East,501,742,Kutch,20000
Smartwatch,North,1295,726,Patan,20000
Laptop,Central,3995,838,Patan,20000
Desktop,Central,3143,944,Patan,20000
Smartwatch,East,1593,331,Patan,20000
Desktop,Central,4032,685,Ahemdabad,20000
Smartwatch,North,3687,845,Mumbai,20000
Smartwatch,North,742,916,Kutch,20000
Smartphone,East,3546,59,Bhopal,20000
Desktop,South,2278,78,Pune,20000
Tablet,East,2371,847,Gandhinagar,20000
Smartwatch,West,3274,167,Amreli,20000
Smartwatch,South,1528,815,Rajkot,20000
Desktop,West,2901,581,Noida,20000
Tablet,Central,4635,144,Gandhinagar,20000
Headphones,Central,1408,212,Rajkot,20000
Headphones,East,4734,116,Gandhinagar,20000
Headphones,North,648,403,Rajkot,20000
Headphones,South,4132,669,Pune,20000
Smartwatch,East,2285,777,Amreli,20000
Laptop,South,3665,510,Ahemdabad,20000
Desktop,West,536,138,Pune,20000
Smartwatch,North,2452,330,Amreli,20000
Tablet,North,4707,322,Gandhinagar,20000
Laptop,South,4488,665,Noida,20000
Smartwatch,West,2733,326,Pune,20000
Smartwatch,West,3961,703,Patan,20000
Smartphone,South,2231,111,Ahemdabad,20000
Smartphone,Central,4790,144,Amreli,20000
Headphones,North,1008,792,Mumbai,20000
Headphones,Central,1178,905,Delhi,20000
Smartwatch,North,1620,939,Bangalore,20000
Smartwatch,East,1527,924,Hyderabad,20000
Laptop,Central,1192,70,Chennai,20000
Smartphone,West,4081,190,Pune,20000
Laptop,Central,2585,202,Amreli,20000
Desktop,South,4517,308,Gandhinagar,20000
Headphones,East,3501,252,Noida,20000
Headphones,North,2128,895,Pune,20000
Headphones,West,2436,275,Patan,20000
Smartwatch,North,1717,234,Ahemdabad,20000
Laptop,East,3497,144,Patan,20000
Smartwatch,West,1196,702,Patan,20000
Smartphone,East,4079,736,Patan,20000
Headphones,North,1688,377,Patan,20000
Tablet,West,3728,208,Ahemdabad,20000
Laptop,West,2136,327,Mumbai,20000
Desktop,West,3773,453,Kutch,20000
Smartphone,North,2780,994,Bhopal,20000
Desktop,East,4376,433,Pune,20000
Desktop,West,4691,512,Gandhinagar,20000
Smartphone,North,528,346,Mumbai,20000
Headphones,Central,602,926,Delhi,20000
Laptop,East,3098,193,Bangalore,20000
Desktop,North,3328,493,Hyderabad,20000
Laptop,North,1048,243,Chennai,30000
Tablet,West,762,375,Delhi,30000
Headphones,North,4650,432,Bangalore,30000
Desktop,East,2492,862,Hyderabad,30000
Smartwatch,West,3664,448,Chennai,30000
Headphones,East,2131,935,Pune,30000
Tablet,South,4676,703,Amreli,30000
Desktop,North,4651,113,Gandhinagar,30000
Smartphone,Central,4704,900,Noida,30000
Laptop,South,3119,838,Pune,30000
Headphones,North,2122,402,Patan,30000
Smartwatch,North,1338,861,Ahemdabad,30000
Headphones,Central,523,523,Mumbai,30000
Laptop,South,2370,495,Delhi,30000
Desktop,Central,1359,405,Bangalore,30000
Smartphone,North,795,462,Hyderabad,30000
Smartwatch,South,3691,348,Chennai,30000
Headphones,North,4388,437,Pune,30000
Laptop,North,4644,918,Amreli,30000
Laptop,Central,2806,322,Gandhinagar,30000
Desktop,South,614,523,Noida,30000
Tablet,West,617,760,Pune,30000
Tablet,North,3952,450,Patan,30000
Smartwatch,North,3639,998,Ahemdabad,30000
Laptop,West,1769,564,Pune,30000
Laptop,East,2345,438,Amreli,30000
Laptop,East,3640,298,Gandhinagar,30000
Headphones,South,3937,719,Noida,30000
Smartwatch,East,2029,968,Pune,30000
Smartwatch,West,1781,319,Patan,30000
Laptop,East,4022,624,Ahemdabad,30000
Tablet,East,3653,182,Pune,30000
Headphones,Central,4679,188,Amreli,30000
Smartphone,West,3913,990,Gandhinagar,30000
Tablet,North,2807,148,Noida,30000
Desktop,West,2564,422,Pune,30000
Laptop,West,2400,133,Patan,30000
Smartphone,West,2216,706,Ahemdabad,30000
Desktop,North,2762,674,Chennai,30000
Laptop,Central,4564,553,Pune,30000
Smartphone,North,4090,654,Amreli,30000
Laptop,West,1245,689,Gandhinagar,30000
Smartwatch,North,652,778,Noida,30000
Tablet,West,3440,375,Pune,30000
Tablet,South,3358,515,Patan,30000
Desktop,South,1655,598,Ahemdabad,30000
Desktop,East,4333,517,Mumbai,30000
Smartphone,South,4005,632,Delhi,30000
Smartphone,North,4668,374,Bangalore,30000
Smartwatch,South,3808,706,Hyderabad,30000
Headphones,West,4656,251,Chennai,30000
Headphones,North,4105,791,Mumbai,30000
Desktop,Central,4944,940,Kutch,30000
Smartphone,West,770,452,Patan,30000
Laptop,North,972,674,Patan,30000
Smartphone,West,2035,897,Patan,30000
Smartphone,West,1226,506,Patan,30000
Smartwatch,East,1296,854,Ahemdabad,30000
Desktop,North,622,455,Mumbai,30000
Desktop,West,3645,685,Kutch,30000
Smartphone,South,993,879,Bhopal,30000
Laptop,Central,3314,529,Pune,30000
Headphones,Central,924,624,Gandhinagar,30000
Tablet,East,4282,650,Amreli,30000
Laptop,North,1911,637,Rajkot,30000
Laptop,East,3345,379,Noida,30000
Smartwatch,Central,2345,504,Gandhinagar,30000
Smartwatch,West,3718,577,Rajkot,30000
Tablet,West,3612,349,Gandhinagar,30000
Tablet,Central,1423,437,Rajkot,30000
Laptop,East,931,341,Pune,30000
Tablet,South,3497,603,Amreli,30000
Laptop,Central,2132,51,Ahemdabad,30000
Laptop,North,4305,845,Pune,30000
Smartwatch,West,4283,993,Amreli,30000
Smartwatch,North,730,305,Gandhinagar,30000
Tablet,West,4240,299,Noida,30000
Laptop,West,4797,116,Pune,30000
Laptop,Central,2516,120,Patan,30000
Smartwatch,North,1263,158,Ahemdabad,30000
Smartwatch,North,1335,376,Amreli,30000
Headphones,Central,3626,913,Mumbai,30000
Desktop,West,3988,668,Delhi,30000
Laptop,West,4429,581,Bangalore,30000
Smartwatch,North,1765,588,Hyderabad,30000
Headphones,South,4422,995,Chennai,30000
Headphones,West,3243,109,Pune,30000
Smartphone,South,2155,476,Amreli,30000
Tablet,North,1919,178,Gandhinagar,30000
Smartphone,East,3527,135,Noida,30000
Smartwatch,Central,734,425,Pune,30000
Smartwatch,South,4350,652,Patan,30000
Laptop,South,2552,126,Ahemdabad,30000
Desktop,West,749,602,Patan,30000
Smartwatch,Central,1177,832,Patan,30000
Tablet,East,1415,734,Patan,30000
Smartphone,East,1069,285,Patan,30000
Laptop,West,3185,169,Ahemdabad,30000
Desktop,Central,3696,710,Mumbai,30000
Smartphone,Central,3600,212,Kutch,30000
Smartphone,East,700,679,Bhopal,30000
Tablet,West,1453,905,Pune,30000
Headphones,North,4189,732,Gandhinagar,30000
Desktop,East,4557,647,Patan,30000
Desktop,South,776,443,Patan,30000
Smartphone,East,667,342,Patan,30000
Desktop,East,760,164,Patan,30000
Smartwatch,West,4320,941,Ahemdabad,30000
Smartphone,South,2671,634,Mumbai,30000
Smartwatch,South,3134,669,Kutch,30000
Desktop,Central,2750,215,Bhopal,30000
Smartwatch,South,4604,773,Pune,30000
Desktop,Central,3954,719,Gandhinagar,30000
Tablet,Central,4235,695,Amreli,30000
Tablet,South,3391,195,Rajkot,30000
Tablet,West,2254,398,Mumbai,30000
Tablet,North,1756,490,Kutch,30000
Laptop,East,2210,895,Patan,30000
Laptop,Central,3394,187,Patan,30000
Smartphone,West,2452,587,Patan,30000
Desktop,Central,2030,920,Patan,75000
Smartphone,North,2776,579,Ahemdabad,75000
Laptop,West,819,849,Mumbai,75000
Desktop,South,2970,170,Kutch,75000
Desktop,West,3461,490,Bhopal,75000
Smartwatch,West,1826,690,Pune,75000
Headphones,Central,3629,126,Gandhinagar,75000
Laptop,East,1406,581,Amreli,75000
Headphones,South,4618,188,Rajkot,75000
Headphones,North,4268,425,Noida,75000
Tablet,Central,1085,54,Gandhinagar,75000
Smartphone,South,1883,301,Rajkot,75000
Laptop,North,1819,667,Gandhinagar,75000
Smartphone,Central,3085,322,Rajkot,75000
Laptop,North,2151,873,Pune,75000
Smartphone,Central,1273,978,Amreli,75000
Desktop,South,2043,545,Ahemdabad,75000
Headphones,North,3900,325,Pune,75000
Desktop,East,4211,555,Amreli,75000
Smartphone,North,2220,908,Gandhinagar,75000
Tablet,South,2873,643,Noida,75000
Desktop,Central,4735,565,Pune,75000
Smartwatch,West,4752,804,Patan,75000
Smartwatch,South,2601,79,Ahemdabad,75000
Smartwatch,North,2360,128,Amreli,75000
Smartphone,Central,1705,498,Mumbai,75000
Desktop,Central,1471,735,Delhi,75000
Desktop,Central,1656,994,Bangalore,75000
Desktop,North,1367,382,Hyderabad,75000
Smartwatch,Central,3141,699,Chennai,75000
Desktop,North,1601,857,Pune,75000
Smartwatch,North,2649,587,Amreli,75000
Desktop,Central,4626,620,Gandhinagar,75000
Smartwatch,North,3575,626,Noida,75000
Headphones,East,1306,544,Pune,75000
Headphones,South,4109,68,Patan,75000
Smartwatch,Central,3231,503,Ahemdabad,75000
Laptop,West,1427,528,Patan,75000
Headphones,East,781,218,Patan,75000
Desktop,North,1446,775,Patan,75000
Tablet,West,3424,563,Patan,75000
Smartphone,East,1424,655,Ahemdabad,75000
Desktop,South,1018,634,Mumbai,75000
Smartphone,East,572,552,Kutch,75000
Smartwatch,Central,3759,771,Bhopal,75000
Desktop,South,704,340,Pune,75000
Smartphone,Central,3302,798,Gandhinagar,75000
Smartphone,East,2182,952,Mumbai,75000
Smartwatch,East,3195,821,Delhi,75000
Tablet,North,1726,669,Bangalore,75000
Laptop,West,1708,401,Hyderabad,75000
Laptop,North,1255,607,Chennai,75000
Smartphone,West,2461,772,Delhi,75000
Smartwatch,Central,2442,567,Bangalore,75000
Headphones,West,2855,314,Hyderabad,75000
Smartphone,West,3338,947,Chennai,75000
Laptop,East,4465,540,Pune,75000
Smartphone,South,3830,453,Amreli,75000
Smartphone,East,4563,672,Gandhinagar,75000
Tablet,North,2195,442,Noida,75000
Laptop,Central,3242,396,Pune,75000
Smartwatch,North,553,700,Patan,75000
Smartphone,West,2225,559,Ahemdabad,75000
Tablet,East,2365,867,Mumbai,75000
Laptop,West,3084,488,Delhi,75000
Tablet,East,4027,612,Bangalore,75000
Tablet,Central,4033,730,Hyderabad,75000
Headphones,Central,4503,222,Chennai,75000
Tablet,North,4601,159,Pune,75000
Tablet,East,1310,653,Amreli,75000
Headphones,West,3835,118,Gandhinagar,75000
Desktop,Central,4780,972,Noida,75000
Desktop,West,3028,331,Pune,75000
Tablet,East,696,730,Patan,75000
Desktop,East,3513,112,Ahemdabad,75000
Headphones,Central,1474,806,Pune,75000
Laptop,West,2470,172,Amreli,75000
Headphones,North,1258,529,Gandhinagar,75000
Desktop,Central,1513,804,Noida,75000
Smartwatch,North,2998,349,Pune,75000
Desktop,Central,2187,987,Patan,75000
Desktop,North,4342,907,Ahemdabad,75000
Desktop,South,3161,970,Pune,75000
Smartwatch,East,2384,454,Amreli,75000
Laptop,North,3999,623,Gandhinagar,75000
Desktop,Central,3887,540,Noida,75000
Tablet,North,3493,259,Pune,75000
Smartwatch,East,3401,64,Patan,75000
Smartwatch,North,1014,341,Ahemdabad,75000
Smartphone,North,4949,488,Amreli,75000
Laptop,North,2850,648,Gandhinagar,75000
Tablet,East,1487,750,Noida,75000
Headphones,Central,4988,685,Pune,75000
Desktop,North,4782,837,Patan,75000
Tablet,East,1551,388,Ahemdabad,75000
Laptop,West,3663,306,Patan,75000
Smartwatch,South,2423,172,Patan,75000
Desktop,West,858,410,Patan,75000
Desktop,East,670,377,Patan,75000
Desktop,East,3436,735,Ahemdabad,75000
Tablet,North,2216,255,Mumbai,75000
Desktop,East,3289,725,Kutch,75000
Laptop,East,3684,556,Bhopal,75000
Smartphone,West,4197,105,Pune,75000
Laptop,South,4645,80,Gandhinagar,75000
Tablet,South,1054,331,Patan,75000
Smartwatch,West,2397,197,Patan,75000
Tablet,East,702,521,Patan,75000
Smartphone,East,2934,992,Patan,75000
Tablet,West,4011,99,Ahemdabad,75000
Tablet,West,4439,571,Mumbai,75000
Smartphone,West,4085,418,Kutch,75000
Smartphone,Central,4543,633,Bhopal,75000
Smartwatch,East,2215,903,Pune,75000
Smartphone,Central,1435,407,Gandhinagar,75000
Headphones,Central,1030,269,Amreli,75000
Desktop,West,1426,514,Rajkot,75000
Smartwatch,Central,2534,391,Mumbai,75000
Desktop,West,4418,164,Kutch,75000
Smartphone,Central,4944,239,Patan,75000
Headphones,East,4920,960,Patan,75000
Tablet,North,658,355,Patan,75000
Headphones,South,2380,808,Patan,75000
Smartwatch,South,2704,222,Ahemdabad,75000
Smartwatch,Central,2620,458,Mumbai,75000
Tablet,North,2132,787,Kutch,75000
Tablet,East,2532,816,Bhopal,75000
Tablet,East,2272,904,Pune,75000
Smartphone,West,2479,261,Gandhinagar,75000
Smartphone,Central,3491,530,Amreli,75000
Smartwatch,West,984,122,Rajkot,75000
Laptop,South,3927,602,Noida,75000
Smartphone,West,1149,589,Gandhinagar,75000
Headphones,West,1384,495,Rajkot,75000
Laptop,East,966,916,Gandhinagar,75000
Smartphone,West,1647,694,Rajkot,75000
Laptop,North,2430,954,Pune,75000
Tablet,South,2465,974,Amreli,75000
Tablet,North,2951,96,Ahemdabad,75000
Headphones,East,1100,780,Pune,75000
Smartwatch,East,3682,722,Amreli,75000
Smartwatch,East,662,580,Gandhinagar,75000
Smartphone,North,2137,321,Noida,75000
Laptop,East,1323,488,Pune,75000
Laptop,East,2781,387,Patan,75000
Laptop,East,2320,873,Ahemdabad,75000
Tablet,South,4265,777,Amreli,75000
Smartphone,Central,1942,144,Mumbai,75000
Laptop,East,3172,884,Delhi,75000
Tablet,South,2763,513,Bangalore,75000
Headphones,West,1448,117,Hyderabad,75000
Smartphone,East,742,996,Chennai,75000
Smartphone,Central,3893,581,Pune,75000
Headphones,East,1560,804,Amreli,75000
Desktop,West,2446,282,Gandhinagar,75000
Headphones,South,4480,159,Noida,75000
Smartwatch,Central,2171,884,Pune,75000
Desktop,North,1424,710,Patan,75000
Laptop,South,2869,60,Ahemdabad,75000
Smartwatch,Central,4354,262,Patan,75000
Laptop,West,3339,147,Patan,75000
Tablet,East,2530,498,Patan,75000
Tablet,East,3651,859,Patan,75000
Headphones,North,2127,627,Ahemdabad,75000
Headphones,North,3407,797,Mumbai,75000
Smartphone,South,1202,633,Kutch,75000
Headphones,South,3477,768,Bhopal,75000
Desktop,Central,2854,834,Pune,75000
Desktop,West,2781,124,Gandhinagar,75000
Tablet,South,2983,941,Mumbai,75000
Desktop,North,2832,455,Delhi,75000
Smartwatch,East,1393,505,Bangalore,75000
Headphones,Central,1172,130,Hyderabad,75000
Smartwatch,Central,1217,352,Chennai,75000
Smartphone,Central,4656,885,Delhi,75000
Smartwatch,East,4919,138,Bangalore,75000
Tablet,East,1975,892,Hyderabad,75000
Desktop,Central,905,937,Chennai,75000
Laptop,West,2634,216,Pune,75000
Laptop,South,4284,643,Amreli,75000
Laptop,West,4937,454,Gandhinagar,75000
Smartwatch,West,3167,406,Noida,75000
Smartphone,South,4482,279,Pune,75000
Headphones,West,4877,207,Patan,75000
Smartphone,Central,2717,912,Ahemdabad,75000
Tablet,Central,3831,997,Mumbai,75000
Smartphone,South,4713,946,Delhi,75000
Smartphone,Central,1559,330,Bangalore,75000
Desktop,East,1718,520,Hyderabad,75000
Smartphone,Central,3712,266,Chennai,75000
Smartphone,West,2634,220,Pune,75000
Smartwatch,East,2948,702,Amreli,75000
Smartphone,North,1683,269,Gandhinagar,75000
Smartphone,Central,4331,310,Noida,75000
Laptop,East,4944,913,Pune,75000
Headphones,South,3073,987,Patan,75000
Desktop,North,866,764,Ahemdabad,75000
Smartwatch,East,4336,647,Pune,75000
Laptop,West,2341,756,Amreli,75000
Smartphone,Central,761,101,Gandhinagar,75000
Desktop,East,2068,55,Noida,75000
Headphones,North,4841,789,Pune,75000
Laptop,North,2645,436,Patan,75000
Desktop,North,4329,128,Ahemdabad,75000
Laptop,South,1387,430,Pune,75000
Headphones,South,3358,119,Amreli,75000
Headphones,North,1963,792,Gandhinagar,75000
Smartwatch,Central,2615,540,Noida,75000
Headphones,West,2571,604,Pune,75000
Desktop,West,4880,341,Patan,75000
Smartphone,South,3719,78,Ahemdabad,75000
Smartwatch,West,1859,660,Chennai,75000
Tablet,Central,3648,843,Pune,75000
Headphones,East,1036,850,Amreli,75000
Smartphone,East,2615,501,Gandhinagar,75000
Smartwatch,West,1915,902,Noida,75000
Smartwatch,South,2758,57,Pune,75000
Tablet,South,889,144,Patan,75000
Desktop,Central,3711,528,Ahemdabad,75000
Desktop,East,1756,888,Patan,75000
Smartwatch,South,584,601,Patan,75000
Laptop,East,4647,575,Patan,75000
Smartphone,Central,1575,592,Patan,75000
Smartwatch,North,905,76,Ahemdabad,75000
Smartwatch,West,3520,520,Mumbai,75000
Laptop,North,1498,188,Kutch,75000
Smartphone,North,1423,704,Bhopal,75000
Headphones,East,1905,280,Pune,75000
Tablet,East,3644,185,Gandhinagar,75000
Laptop,North,2804,484,Mumbai,75000
Laptop,Central,992,547,Delhi,75000
Smartphone,Central,1367,500,Bangalore,75000
Tablet,North,3295,141,Hyderabad,75000
Smartphone,South,3504,930,Chennai,75000
Tablet,West,1243,487,Delhi,75000
Smartwatch,Central,3595,477,Bangalore,75000
Desktop,South,725,654,Hyderabad,75000
Desktop,South,2784,889,Chennai,75000
Headphones,North,1885,483,Pune,75000
Laptop,North,2662,325,Amreli,75000
Smartwatch,Central,1563,851,Gandhinagar,75000
Tablet,South,1864,866,Noida,75000
Desktop,East,2331,281,Pune,75000
Headphones,North,3974,953,Patan,75000
Headphones,North,1402,613,Ahemdabad,75000
Tablet,South,4814,404,Mumbai,75000
Smartphone,South,4237,390,Delhi,75000
Headphones,North,1716,837,Bangalore,75000
Smartwatch,West,517,565,Hyderabad,75000
Headphones,Central,1647,974,Chennai,75000
Tablet,South,1654,261,Pune,75000
Tablet,West,3342,695,Amreli,75000
Tablet,North,897,558,Gandhinagar,75000
Laptop,East,3927,952,Noida,75000
Smartphone,North,4139,709,Pune,75000
Desktop,East,2782,638,Patan,75000
Headphones,East,2638,467,Ahemdabad,75000
Desktop,South,1086,455,Pune,75000
Smartwatch,North,3949,661,Amreli,75000
Smartphone,West,2956,604,Gandhinagar,75000
Tablet,Central,4774,293,Noida,75000
Headphones,East,4779,711,Pune,75000
Tablet,West,790,497,Patan,16000
Smartphone,West,1416,765,Ahemdabad,16000
Tablet,East,571,396,Pune,16000
Headphones,North,3373,463,Amreli,16000
Laptop,Central,3280,883,Gandhinagar,16000
Headphones,South,3585,942,Noida,16000
Headphones,South,3322,91,Pune,16000
Tablet,Central,1234,422,Patan,16000
Laptop,North,533,138,Ahemdabad,16000
Desktop,South,1051,529,Delhi,16000
Smartwatch,South,3913,986,Bangalore,16000
Headphones,South,784,297,Hyderabad,16000
Smartphone,Central,4623,74,Chennai,16000
Headphones,South,3426,345,Pune,16000
Tablet,South,1876,654,Amreli,16000
Smartphone,South,4498,152,Gandhinagar,16000
Smartwatch,South,4356,867,Noida,16000
Smartphone,North,4086,757,Pune,16000
Smartwatch,North,4724,176,Patan,16000
Smartwatch,North,1367,853,Ahemdabad,16000
Headphones,East,3683,479,Amreli,16000
Smartwatch,North,2169,105,Gandhinagar,16000
Smartphone,South,1032,143,Noida,16000
Tablet,Central,3770,117,Pune,16000
Smartwatch,East,1197,391,Patan,16000
Smartphone,South,1522,412,Ahemdabad,16000
Laptop,North,2838,803,Patan,16000
Smartwatch,North,3742,861,Patan,16000
Smartwatch,North,2824,226,Patan,16000
Desktop,East,4042,168,Patan,16000
Desktop,Central,4855,121,Ahemdabad,16000
Tablet,West,4881,242,Mumbai,16000
Smartwatch,Central,791,620,Kutch,16000
Tablet,East,3542,714,Bhopal,16000
Smartphone,West,4425,368,Pune,16000
Smartphone,North,4263,484,Gandhinagar,16000
Headphones,West,2850,69,Patan,16000
Laptop,South,2421,590,Patan,16000
Laptop,North,4322,850,Patan,16000
Smartwatch,North,2435,641,Patan,16000
Tablet,North,1488,133,Ahemdabad,16000
Laptop,East,2532,128,Mumbai,16000
Desktop,West,2234,166,Kutch,16000
Desktop,South,4205,513,Bhopal,16000
Smartwatch,North,738,51,Pune,16000
Tablet,North,2493,639,Gandhinagar,16000
Headphones,North,4813,833,Amreli,16000
Desktop,East,769,388,Rajkot,16000
Laptop,North,1642,727,Mumbai,16000
Smartphone,South,2668,465,Kutch,16000
Tablet,North,1805,638,Patan,16000
Headphones,West,3917,257,Patan,16000
Laptop,West,4887,606,Patan,16000
Smartphone,South,1143,803,Patan,16000
Tablet,East,3614,411,Ahemdabad,16000
Headphones,Central,4456,171,Mumbai,16000
Laptop,South,4647,819,Kutch,16000
Desktop,North,871,412,Bhopal,16000
Smartwatch,Central,2681,109,Pune,16000
Headphones,South,1532,348,Gandhinagar,16000
Smartphone,North,1860,560,Amreli,16000
Smartwatch,West,3086,581,Rajkot,16000
Headphones,North,4645,89,Noida,16000
Smartwatch,Central,4949,575,Gandhinagar,16000
Laptop,South,1696,954,Rajkot,16000
Desktop,North,3252,476,Gandhinagar,16000
Smartwatch,East,4021,429,Rajkot,16000
Smartwatch,South,4179,850,Pune,16000
Tablet,North,2160,310,Amreli,16000
Tablet,West,3561,265,Ahemdabad,16000
Smartwatch,Central,3908,476,Pune,16000
Headphones,East,511,348,Amreli,16000
Desktop,South,3099,119,Gandhinagar,16000
Tablet,East,3035,423,Noida,16000
Desktop,South,1148,865,Pune,16000
Desktop,Central,3507,883,Patan,16000
Smartphone,East,3955,491,Ahemdabad,16000
Laptop,Central,4129,799,Amreli,16000
Tablet,Central,2863,462,Mumbai,16000
Tablet,North,1336,734,Delhi,16000
Headphones,East,1230,278,Bangalore,16000
Laptop,West,3954,556,Hyderabad,16000
Headphones,Central,607,937,Chennai,16000
Smartwatch,Central,3843,244,Pune,16000
Smartwatch,West,1504,663,Amreli,16000
Smartwatch,South,3829,857,Gandhinagar,16000
Laptop,West,1191,136,Noida,16000
Smartphone,North,4170,473,Pune,16000
Smartphone,East,1405,265,Patan,16000
Laptop,East,3549,989,Ahemdabad,16000
Tablet,West,1339,859,Patan,16000
Desktop,Central,1629,65,Patan,16000
Smartwatch,East,1075,617,Patan,16000
Headphones,South,978,61,Patan,16000
Smartphone,Central,3361,970,Ahemdabad,16000
Desktop,South,1444,402,Mumbai,16000
Tablet,West,4963,308,Kutch,16000
Headphones,North,4166,453,Bhopal,16000
Laptop,East,2896,385,Pune,16000
Desktop,North,4358,744,Gandhinagar,16000
Tablet,South,4000,158,Mumbai,16000
Smartphone,East,4747,759,Delhi,16000
Headphones,South,4241,215,Bangalore,16000
Tablet,East,3997,119,Hyderabad,16000
Smartwatch,East,4906,322,Chennai,16000
Laptop,East,3060,951,Delhi,16000
Headphones,West,1507,289,Bangalore,16000
Headphones,East,3906,421,Hyderabad,16000
Smartwatch,Central,3937,213,Chennai,16000
Smartwatch,East,2934,967,Pune,16000
Laptop,South,1312,555,Amreli,16000
Desktop,North,3571,781,Gandhinagar,16000
Desktop,East,1217,890,Noida,16000
Laptop,Central,4740,744,Pune,16000
Desktop,South,592,869,Patan,16000
Laptop,South,4742,474,Ahemdabad,16000
Smartwatch,South,847,781,Mumbai,16000
Desktop,South,3539,110,Delhi,16000
Laptop,South,2612,376,Bangalore,16000
Smartwatch,North,1770,739,Hyderabad,16000
Smartwatch,South,785,836,Chennai,16000
Tablet,Central,1081,286,Pune,16000
Desktop,East,3338,664,Amreli,16000
Headphones,East,890,266,Gandhinagar,16000
Desktop,East,4714,274,Noida,16000
Laptop,East,4856,293,Pune,16000
Laptop,South,728,266,Patan,16000
Headphones,West,3647,233,Ahemdabad,16000
Desktop,East,2343,159,Pune,16000
Laptop,Central,4821,897,Amreli,16000
Desktop,West,3610,609,Gandhinagar,16000
Smartwatch,South,1596,147,Noida,16000
Smartwatch,Central,4104,418,Pune,16000
Smartphone,Central,1092,652,Patan,16000
Laptop,Central,2845,801,Ahemdabad,16000
Smartwatch,North,3523,482,Pune,16000
Desktop,Central,1683,154,Amreli,16000
Smartphone,East,2720,557,Gandhinagar,16000
Laptop,East,3116,332,Noida,16000
Tablet,South,2412,191,Pune,16000
Smartphone,North,4190,504,Patan,16000
Smartphone,West,2750,309,Ahemdabad,16000
Smartphone,Central,4198,736,Chennai,16000
Smartphone,West,4288,899,Pune,16000
Smartwatch,South,2319,522,Amreli,16000
Smartwatch,West,2284,500,Gandhinagar,16000
Smartphone,Central,4002,946,Noida,16000
Tablet,Central,4357,826,Pune,16000
Tablet,East,4050,614,Patan,16000
Headphones,North,4558,928,Ahemdabad,16000
Tablet,West,723,347,Mumbai,16000
Tablet,South,1599,750,Delhi,16000
Headphones,Central,1554,854,Bangalore,16000
Desktop,East,3051,124,Hyderabad,16000
Desktop,North,2930,295,Chennai,16000
Headphones,North,1032,314,Mumbai,16000
Smartphone,Central,2841,865,Kutch,16000
Tablet,West,2176,86,Patan,16000
Smartphone,East,1310,149,Patan,16000
Desktop,East,1269,870,Patan,16000
Desktop,West,1577,274,Patan,16000
Desktop,South,2350,163,Ahemdabad,16000
Tablet,West,3219,729,Mumbai,16000
Tablet,West,2417,209,Kutch,16000
Laptop,South,2200,362,Bhopal,16000
Smartphone,East,2490,997,Pune,16000
Smartwatch,South,2529,213,Gandhinagar,16000
Laptop,North,2472,471,Amreli,16000
Desktop,East,4277,595,Rajkot,16000
Tablet,Central,1907,237,Noida,16000
Tablet,West,3540,805,Gandhinagar,16000
Desktop,East,3299,509,Rajkot,16000
Headphones,East,2035,553,Gandhinagar,16000
Tablet,West,3631,370,Rajkot,16000
Smartwatch,North,2518,137,Pune,16000
Tablet,North,1139,139,Amreli,16000
Tablet,South,1710,966,Ahemdabad,16000
Tablet,Central,750,313,Pune,16000
Laptop,North,2593,151,Amreli,16000
Laptop,West,4357,425,Gandhinagar,16000
Headphones,West,3490,220,Noida,16000
Desktop,North,2836,241,Pune,16000
Smartwatch,East,1668,183,Patan,16000
Headphones,Central,3778,919,Ahemdabad,16000
Headphones,South,2827,330,Amreli,16000
Smartphone,West,2049,254,Mumbai,16000
Laptop,South,3713,595,Delhi,16000
Smartphone,North,2481,680,Bangalore,16000
Laptop,South,2155,368,Hyderabad,16000
Smartphone,West,3834,197,Chennai,16000
Smartwatch,Central,4761,787,Pune,16000
Laptop,South,3323,163,Amreli,16000
Desktop,East,3847,342,Gandhinagar,16000
Headphones,West,3022,348,Noida,16000
Tablet,West,1419,355,Pune,16000
Laptop,Central,2303,826,Patan,16000
Desktop,East,3672,117,Ahemdabad,16000
Smartphone,South,4762,621,Patan,16000
Headphones,North,619,126,Patan,16000
Headphones,North,2702,84,Patan,16000
Smartphone,South,4098,449,Patan,16000
Tablet,Central,4325,131,Ahemdabad,16000
Laptop,West,2088,417,Mumbai,16000
Headphones,Central,3761,749,Kutch,16000
Smartphone,East,1636,302,Bhopal,16000
Headphones,West,3585,979,Pune,16000
Desktop,North,1048,987,Gandhinagar,16000
Tablet,East,4116,188,Patan,16000
Desktop,Central,4079,94,Patan,16000
Tablet,Central,826,372,Patan,16000
Desktop,West,1532,328,Patan,16000
Smartwatch,West,4479,948,Ahemdabad,16000
Laptop,North,3276,688,Mumbai,16000
Smartphone,North,4737,710,Kutch,16000
Laptop,Central,3126,616,Bhopal,16000
Smartphone,North,797,940,Pune,16000
Smartphone,East,600,884,Gandhinagar,16000
Laptop,West,814,161,Amreli,16000
Headphones,West,4375,270,Rajkot,16000
Tablet,East,1245,428,Mumbai,16000
Laptop,East,3809,935,Kutch,16000
Tablet,West,2985,570,Patan,16000
Smartwatch,North,2778,987,Patan,16000
Desktop,West,3567,156,Patan,16000
Smartwatch,West,3579,245,Patan,16000
Desktop,West,2762,823,Ahemdabad,16000
Smartwatch,South,4126,112,Mumbai,16000
Smartwatch,North,2866,870,Kutch,16000
Smartphone,North,3818,768,Bhopal,16000
Smartphone,East,1338,888,Pune,16000
Laptop,North,1946,326,Gandhinagar,16000
Tablet,South,3832,78,Amreli,16000
Laptop,South,2512,691,Rajkot,16000
Headphones,West,4850,514,Noida,16000
Headphones,North,2170,278,Gandhinagar,16000
Tablet,North,2012,422,Rajkot,16000
Tablet,East,3916,219,Gandhinagar,16000
Smartphone,East,2192,442,Rajkot,16000
Smartphone,West,916,586,Pune,16000
Smartwatch,Central,3920,991,Amreli,16000
Desktop,South,4864,543,Ahemdabad,16000
Smartwatch,Central,2152,251,Pune,16000
Desktop,Central,1743,776,Amreli,16000
Desktop,South,2026,554,Gandhinagar,16000
Smartphone,South,2479,816,Noida,16000
Desktop,Central,2724,286,Pune,16000
Desktop,Central,2823,156,Patan,16000
Desktop,Central,3320,138,Ahemdabad,16000
Laptop,Central,4413,178,Amreli,16000
Desktop,North,3399,957,Mumbai,16000
Smartphone,North,2965,501,Delhi,16000
Desktop,West,4475,282,Bangalore,16000
Desktop,West,695,379,Hyderabad,16000
Smartphone,South,4086,434,Chennai,16000
Smartwatch,South,3861,836,Pune,16000
Desktop,North,4291,73,Amreli,16000
Headphones,East,1475,749,Gandhinagar,16000
Smartphone,East,3817,648,Noida,16000
Laptop,West,4005,290,Pune,16000
Smartwatch,East,2260,510,Patan,16000
Tablet,West,1890,785,Ahemdabad,16000
Laptop,Central,4672,332,Patan,16000
Laptop,West,3189,878,Patan,16000
Smartwatch,Central,3530,792,Patan,16000
Desktop,South,3494,582,Patan,16000
Tablet,West,4987,512,Ahemdabad,16000
Smartwatch,Central,2902,999,Mumbai,16000
Desktop,North,3423,208,Kutch,16000
Desktop,Central,1214,575,Bhopal,16000
Smartwatch,West,4708,206,Pune,16000
Smartphone,West,2226,68,Gandhinagar,16000
Smartwatch,Central,504,318,Mumbai,16000
Laptop,East,989,730,Delhi,16000
Desktop,South,3591,608,Bangalore,16000
Headphones,East,1442,941,Hyderabad,16000
Headphones,East,4681,495,Chennai,16000
Tablet,South,1326,263,Delhi,16000
Headphones,South,1953,59,Bangalore,16000
Laptop,North,1932,294,Hyderabad,16000
Laptop,South,2019,428,Chennai,16000
Laptop,East,519,953,Pune,16000
Desktop,Central,684,484,Amreli,16000
Smartphone,Central,2657,423,Gandhinagar,16000
Laptop,North,3860,88,Noida,16000
Tablet,East,3050,868,Pune,16000
Headphones,South,1778,527,Patan,16000
Smartphone,East,1806,433,Ahemdabad,16000
Tablet,South,3145,53,Mumbai,16000
Laptop,North,3379,278,Delhi,16000
Tablet,North,4690,690,Bangalore,16000
Smartwatch,West,2745,650,Hyderabad,16000
Tablet,North,826,88,Chennai,16000
Headphones,North,4059,875,Pune,16000
Tablet,South,991,510,Amreli,16000
Smartphone,South,4516,265,Gandhinagar,16000
Tablet,South,5000,494,Noida,16000
Tablet,West,2994,116,Pune,16000
Desktop,East,1863,435,Patan,16000
Tablet,West,4061,265,Ahemdabad,16000
Headphones,South,871,500,Pune,16000
Headphones,West,2019,80,Amreli,16000
Smartphone,South,738,670,Gandhinagar,16000
Tablet,Central,3202,687,Noida,16000
Smartwatch,Central,4632,537,Pune,16000
Headphones,Central,4703,377,Patan,16000
Tablet,East,3694,635,Ahemdabad,16000
Smartphone,East,963,267,Pune,16000
Smartwatch,South,3112,234,Amreli,16000
Desktop,Central,1744,192,Gandhinagar,16000
Tablet,Central,2351,52,Noida,16000
Tablet,Central,1329,496,Pune,16000
Smartphone,West,2509,519,Patan,16000
Smartwatch,West,4346,304,Ahemdabad,16000
Headphones,North,3592,360,Amreli,16000
Laptop,East,3848,626,Gandhinagar,16000
Desktop,West,3093,385,Noida,16000
Desktop,North,1958,727,Pune,16000
Smartphone,South,2180,216,Patan,16000
Smartwatch,South,734,928,Ahemdabad,80000
Smartphone,East,1787,895,Patan,80000
Smartwatch,South,1812,939,Patan,80000
Laptop,West,2183,672,Patan,80000
Smartwatch,West,1768,706,Patan,80000
Smartwatch,South,2938,300,Ahemdabad,80000
Smartwatch,East,980,878,Mumbai,80000
Smartwatch,East,3446,133,Kutch,80000
Smartphone,East,3613,999,Bhopal,80000
Headphones,West,1344,915,Pune,80000
Headphones,West,4993,966,Gandhinagar,80000
Headphones,Central,2869,192,Patan,80000
Tablet,East,3935,79,Patan,80000
Headphones,Central,3809,626,Patan,80000
Tablet,East,3867,93,Patan,80000
Tablet,Central,2238,640,Ahemdabad,80000
Smartwatch,North,2977,95,Mumbai,80000
Desktop,West,1030,189,Kutch,80000
Tablet,West,4601,364,Bhopal,80000
Laptop,East,2688,656,Pune,80000
Smartphone,West,522,724,Gandhinagar,80000
Desktop,West,4273,143,Amreli,80000
Laptop,West,1500,68,Rajkot,80000
Desktop,West,2015,122,Mumbai,80000
Tablet,East,951,355,Kutch,80000
Desktop,North,3282,677,Patan,80000
Headphones,East,2955,154,Patan,80000
Headphones,North,2190,800,Patan,80000
Headphones,Central,3696,644,Patan,80000
Smartwatch,North,2004,842,Ahemdabad,80000
Smartwatch,West,4837,851,Mumbai,80000
Desktop,North,3756,700,Kutch,80000
Tablet,South,1791,164,Bhopal,80000
Headphones,North,3545,237,Pune,80000
Headphones,West,4886,410,Gandhinagar,80000
Laptop,Central,4850,247,Amreli,80000
Desktop,North,1288,711,Rajkot,80000
Desktop,West,2597,912,Noida,80000
Tablet,North,4796,256,Gandhinagar,80000
Smartphone,Central,3038,468,Rajkot,80000
Smartphone,East,4264,632,Gandhinagar,80000
Laptop,North,508,515,Rajkot,80000
Tablet,North,2808,215,Pune,80000
Tablet,North,532,805,Amreli,80000
Laptop,Central,4491,170,Ahemdabad,80000
Headphones,Central,2312,859,Pune,80000
Smartphone,East,896,500,Amreli,80000
Tablet,West,1006,964,Gandhinagar,80000
Smartphone,South,796,776,Noida,80000
Laptop,West,4166,394,Pune,80000
Smartphone,South,2194,179,Patan,80000
Tablet,Central,2213,845,Ahemdabad,80000
Tablet,Central,2699,309,Amreli,80000
Headphones,South,3853,646,Mumbai,80000
Tablet,South,4620,258,Delhi,80000
Smartwatch,West,2016,138,Bangalore,80000
Smartphone,North,3145,105,Hyderabad,80000
Smartphone,South,4323,844,Chennai,80000
Laptop,West,2671,650,Pune,80000
Laptop,Central,2485,793,Amreli,80000
Smartwatch,South,1555,827,Gandhinagar,80000
Laptop,West,3100,425,Noida,80000
Tablet,East,1264,877,Pune,80000
Smartphone,West,2282,644,Patan,80000
Laptop,South,3430,639,Ahemdabad,80000
Smartphone,West,1300,182,Patan,80000
Headphones,West,2405,656,Patan,80000
Headphones,Central,1615,274,Patan,80000
Laptop,Central,3472,585,Patan,80000
Tablet,West,3893,413,Ahemdabad,80000
Smartphone,Central,1602,773,Mumbai,80000
Headphones,South,1439,920,Kutch,80000
Laptop,West,4452,350,Bhopal,80000
Laptop,West,865,934,Pune,80000
Desktop,East,4628,836,Gandhinagar,80000
Desktop,South,1652,948,Mumbai,80000
Smartwatch,North,784,532,Delhi,80000
Laptop,West,563,979,Bangalore,80000
Smartwatch,East,1814,821,Hyderabad,80000
Desktop,Central,4685,269,Chennai,80000
Laptop,North,3676,491,Delhi,80000
Desktop,Central,4200,155,Bangalore,80000
Headphones,West,2588,305,Hyderabad,80000
Smartwatch,North,3145,212,Chennai,80000
Laptop,East,2041,693,Pune,80000
Tablet,Central,1950,264,Amreli,80000
Desktop,Central,4112,379,Gandhinagar,80000
Smartwatch,South,1431,200,Noida,80000
Smartphone,West,2466,714,Pune,80000
Headphones,East,1402,136,Patan,80000
Smartwatch,West,2996,838,Ahemdabad,80000
Laptop,Central,2136,885,Mumbai,80000
Smartphone,South,677,287,Delhi,80000
Smartphone,West,2102,303,Bangalore,80000
Tablet,South,2416,856,Hyderabad,80000
Tablet,East,1162,734,Chennai,80000
Smartphone,East,1423,330,Pune,80000
Desktop,East,1106,529,Amreli,80000
Desktop,North,3084,279,Gandhinagar,80000
Desktop,North,2724,721,Noida,80000
Tablet,South,2166,720,Pune,80000
Desktop,Central,1966,368,Patan,80000
Desktop,South,4019,522,Ahemdabad,80000
Desktop,Central,3382,787,Pune,80000
Desktop,North,979,753,Amreli,80000
Desktop,North,2999,552,Gandhinagar,80000
Smartphone,South,2225,135,Noida,80000
Laptop,South,883,927,Pune,80000
Desktop,East,3732,83,Patan,80000
Laptop,East,1267,405,Ahemdabad,80000
Smartwatch,West,1621,436,Pune,80000
Tablet,South,3069,220,Amreli,80000
Smartwatch,East,2116,855,Gandhinagar,80000
Smartphone,West,1383,189,Noida,80000
Smartphone,North,1337,716,Pune,80000
Desktop,North,2293,327,Patan,80000
Tablet,West,3425,570,Ahemdabad,80000
Smartphone,South,4269,983,Chennai,80000
Smartphone,West,2363,870,Pune,80000
Smartphone,South,1594,191,Amreli,80000
Desktop,North,3674,670,Gandhinagar,80000
Tablet,West,4727,710,Noida,80000
Laptop,Central,1299,381,Pune,80000
Laptop,South,1955,301,Patan,80000
Desktop,East,4669,719,Ahemdabad,80000
Laptop,East,4983,157,Patan,80000
Headphones,North,895,449,Patan,80000
Smartwatch,East,3340,682,Patan,80000
Desktop,East,3974,262,Patan,80000
Desktop,North,4472,169,Ahemdabad,80000
Laptop,South,627,199,Mumbai,80000
Tablet,North,951,77,Kutch,80000
Smartphone,West,2007,136,Bhopal,80000
Desktop,South,2839,549,Pune,80000
Desktop,South,4751,282,Gandhinagar,80000
Smartwatch,South,535,520,Mumbai,80000
Headphones,West,2640,399,Delhi,80000
Headphones,East,4351,847,Bangalore,80000
Laptop,East,2957,785,Hyderabad,80000
Headphones,West,1244,982,Chennai,80000
Tablet,West,1557,160,Delhi,80000
Smartwatch,East,1763,644,Bangalore,80000
Desktop,West,3291,889,Hyderabad,80000
Smartwatch,West,2304,643,Chennai,80000
Smartwatch,South,4806,583,Pune,80000
Smartwatch,South,1920,382,Amreli,80000
Headphones,Central,4821,832,Gandhinagar,80000
Smartwatch,North,3509,980,Noida,80000
Smartphone,Central,2319,230,Pune,80000
Smartwatch,East,789,69,Patan,80000
Smartphone,Central,3896,677,Ahemdabad,80000
Headphones,North,1805,964,Mumbai,80000
Desktop,Central,875,627,Delhi,80000
Smartphone,Central,2782,408,Bangalore,80000
Smartphone,East,2689,166,Hyderabad,80000
Headphones,East,707,984,Chennai,80000
Smartwatch,South,2022,285,Pune,80000
Smartwatch,North,614,445,Amreli,80000
Smartphone,Central,4561,449,Gandhinagar,80000
Laptop,West,1359,473,Noida,80000
Desktop,North,2714,197,Pune,80000
Desktop,North,3892,141,Patan,80000
Tablet,East,2294,757,Ahemdabad,80000
Smartphone,Central,3741,955,Pune,80000
Headphones,South,3345,897,Amreli,80000
Laptop,East,3216,199,Gandhinagar,80000
Desktop,West,2766,310,Noida,80000
Tablet,Central,4451,517,Pune,80000
Laptop,West,1900,892,Patan,80000
Smartphone,South,530,413,Ahemdabad,80000
Smartwatch,North,2071,408,Pune,80000
Laptop,Central,3470,577,Amreli,80000
Smartphone,South,4335,660,Gandhinagar,80000
Smartwatch,East,2355,479,Noida,80000
Headphones,Central,3823,276,Pune,80000
Laptop,East,2770,362,Patan,80000
Laptop,North,4589,860,Ahemdabad,80000
Laptop,East,3440,192,Delhi,80000
Headphones,North,4214,856,Bangalore,80000
Desktop,South,1919,454,Hyderabad,80000
Headphones,Central,2348,107,Chennai,80000
Smartwatch,North,2652,276,Pune,80000
Desktop,West,3533,74,Amreli,80000
Tablet,Central,2651,570,Gandhinagar,80000
Laptop,West,2331,539,Noida,80000
Smartwatch,North,2958,630,Pune,80000
Laptop,Central,1018,133,Patan,80000
Headphones,East,4290,285,Ahemdabad,80000
Laptop,West,4698,674,Patan,80000
Smartwatch,South,3843,348,Patan,80000
Headphones,South,4479,437,Patan,80000
Laptop,North,2491,293,Patan,80000
Tablet,West,4959,379,Ahemdabad,80000
Smartphone,Central,2604,669,Mumbai,80000
Headphones,North,1623,320,Kutch,80000
Desktop,East,1988,912,Bhopal,80000
Smartphone,North,2818,683,Pune,80000
Headphones,East,1516,709,Gandhinagar,80000
Tablet,North,2542,587,Amreli,80000
Desktop,South,1330,835,Rajkot,80000
Headphones,Central,2853,714,Mumbai,80000
Tablet,West,3524,162,Delhi,80000
Desktop,North,1282,373,Bangalore,80000
Headphones,Central,3158,436,Hyderabad,80000
Laptop,North,2366,61,Chennai,80000
Laptop,West,4396,184,Delhi,80000
Headphones,South,4538,954,Bangalore,80000
Tablet,West,2602,462,Hyderabad,80000
Tablet,Central,1100,230,Chennai,80000
Smartphone,South,4786,113,Pune,80000
Desktop,South,4545,952,Amreli,80000
Smartphone,North,4936,837,Gandhinagar,80000
Laptop,Central,2438,190,Noida,80000
Laptop,East,4630,510,Pune,80000
Smartwatch,West,2286,848,Patan,80000
Smartphone,East,4247,722,Ahemdabad,80000
Desktop,North,3687,852,Chennai,80000
Tablet,East,2092,420,Pune,80000
Smartwatch,Central,3625,711,Amreli,80000
Smartphone,East,2830,130,Gandhinagar,80000
Tablet,North,2684,191,Noida,80000
Smartwatch,North,1503,705,Pune,80000
Desktop,East,1314,904,Patan,80000
Laptop,East,1961,334,Ahemdabad,80000
Headphones,South,4163,788,Patan,80000
Laptop,South,4612,587,Patan,80000
Smartwatch,South,4897,776,Patan,80000
Headphones,East,693,293,Patan,80000
Smartphone,West,2096,988,Ahemdabad,80000
Tablet,West,2758,936,Mumbai,80000
Smartphone,South,4576,808,Kutch,80000
Laptop,South,4205,667,Bhopal,80000
Headphones,South,1467,594,Pune,80000
Desktop,West,4859,157,Gandhinagar,80000
Desktop,Central,3324,409,Mumbai,80000
Headphones,Central,1152,850,Delhi,80000
Smartwatch,South,4140,540,Bangalore,80000
Desktop,East,2041,537,Hyderabad,80000
Smartwatch,West,1267,791,Chennai,80000
Smartphone,West,2081,872,Delhi,80000
Smartwatch,East,1756,215,Bangalore,80000
Tablet,Central,2937,972,Hyderabad,80000
Smartphone,East,698,575,Chennai,80000
Headphones,Central,4300,328,Pune,80000
Headphones,East,1062,91,Amreli,80000
Headphones,East,4419,192,Gandhinagar,80000
Tablet,East,2454,155,Noida,80000
Desktop,South,1237,430,Pune,80000
Laptop,North,4225,671,Patan,80000
Laptop,South,2193,578,Ahemdabad,80000
Laptop,South,3752,449,Mumbai,80000
Headphones,North,1929,931,Delhi,80000
Smartphone,North,4481,550,Bangalore,80000
Smartwatch,East,827,107,Hyderabad,80000
Tablet,Central,1484,201,Chennai,80000
Laptop,North,4681,971,Pune,80000
Smartphone,West,2999,663,Amreli,80000
Smartwatch,North,3458,462,Gandhinagar,80000
Laptop,South,3230,255,Noida,80000
Tablet,West,847,108,Pune,80000
Laptop,East,4180,899,Patan,80000
Headphones,South,4564,581,Ahemdabad,80000
Headphones,West,3701,991,Pune,80000
Smartphone,South,2893,406,Amreli,80000
Desktop,West,4706,898,Gandhinagar,80000
Desktop,Central,1004,281,Noida,80000
Desktop,South,3259,816,Pune,80000
Smartphone,North,2537,219,Patan,80000
Laptop,Central,1060,539,Ahemdabad,80000
Laptop,North,1801,994,Pune,80000
Headphones,East,3722,684,Amreli,80000
Tablet,Central,1728,939,Gandhinagar,80000
Headphones,East,2731,968,Noida,80000
Desktop,Central,1656,665,Pune,80000
Headphones,West,3260,181,Patan,80000
Smartwatch,North,2280,568,Ahemdabad,80000
Smartphone,South,846,463,Chennai,80000
Smartphone,North,4130,622,Pune,80000
Smartwatch,East,4463,375,Amreli,80000
Smartphone,Central,4389,51,Gandhinagar,80000
Tablet,West,4495,502,Noida,80000
Desktop,Central,1912,960,Pune,80000
Headphones,South,2505,433,Patan,80000
Laptop,West,2976,714,Ahemdabad,80000
Tablet,North,3389,713,Mumbai,80000
Laptop,North,3890,98,Delhi,80000
Laptop,East,2850,631,Bangalore,80000
Tablet,West,4480,445,Hyderabad,80000
Smartphone,West,4098,164,Chennai,80000
Tablet,South,967,560,Mumbai,80000
Smartphone,West,765,216,Kutch,80000
Laptop,West,2471,611,Patan,80000
Laptop,West,4969,155,Patan,80000
Laptop,South,1883,428,Patan,80000
Desktop,East,2629,978,Patan,80000
Headphones,Central,3649,148,Ahemdabad,80000
Smartphone,Central,1127,760,Mumbai,80000
Smartwatch,South,4800,137,Kutch,80000
Smartphone,East,2279,654,Bhopal,80000
Headphones,North,4164,458,Pune,80000
Smartphone,West,4071,759,Gandhinagar,80000
Desktop,South,3044,748,Amreli,80000
Desktop,East,545,153,Rajkot,80000
Smartwatch,North,2279,515,Noida,80000
Tablet,West,1548,722,Gandhinagar,80000
Tablet,North,2724,271,Rajkot,80000
Laptop,South,532,323,Gandhinagar,80000
Laptop,South,1915,924,Rajkot,80000
Laptop,East,4644,203,Pune,80000
Tablet,Central,4241,899,Amreli,80000
Tablet,South,3208,961,Ahemdabad,80000
Tablet,South,2500,836,Pune,80000
Tablet,North,1536,858,Amreli,80000
Tablet,North,3351,804,Gandhinagar,80000
Tablet,South,911,294,Noida,80000
Tablet,East,3580,194,Pune,80000
Tablet,Central,2334,947,Patan,80000
Smartphone,North,2254,888,Ahemdabad,80000
Smartphone,North,3669,981,Amreli,80000
Tablet,West,869,542,Mumbai,80000
Desktop,West,1610,353,Delhi,80000
Laptop,East,4853,492,Bangalore,80000
Smartwatch,North,1728,931,Hyderabad,80000
Smartphone,East,4493,194,Chennai,80000
Desktop,Central,4712,105,Pune,80000
Headphones,Central,1061,277,Amreli,80000
Smartwatch,East,3139,496,Gandhinagar,80000
Tablet,South,2143,164,Noida,80000
Headphones,North,3356,328,Pune,80000
Smartwatch,East,2834,130,Patan,80000
Smartphone,North,3733,425,Ahemdabad,80000
Smartphone,Central,2048,551,Patan,80000
Tablet,West,1031,994,Patan,80000
Smartphone,West,2198,812,Patan,80000
Desktop,Central,966,366,Patan,80000
Headphones,East,4430,215,Ahemdabad,80000
Laptop,North,2341,467,Mumbai,80000
Smartwatch,East,3253,283,Kutch,80000
Laptop,Central,3919,77,Bhopal,80000
Headphones,East,3362,467,Pune,80000
Tablet,North,3995,394,Gandhinagar,80000
Desktop,East,2732,211,Patan,80000
Smartphone,Central,4671,362,Patan,80000
Headphones,South,945,112,Patan,80000
Tablet,West,3073,71,Patan,80000
Headphones,West,4759,170,Ahemdabad,80000
Headphones,South,2830,114,Mumbai,80000
Tablet,East,4432,607,Kutch,80000
Desktop,West,4708,587,Bhopal,80000
Desktop,West,4097,619,Pune,80000
Desktop,East,938,76,Gandhinagar,80000
Headphones,Central,2978,413,Amreli,80000
Smartwatch,West,2344,589,Rajkot,80000
Smartwatch,Central,3963,939,Mumbai,80000
Laptop,South,2647,790,Kutch,80000
Smartphone,North,4786,65,Patan,80000
Smartphone,Central,1012,997,Patan,80000
Smartwatch,North,2060,55,Patan,80000
Desktop,East,2186,321,Patan,80000
Tablet,West,3822,542,Ahemdabad,80000
Tablet,North,4769,215,Mumbai,80000
Smartphone,North,748,208,Kutch,80000
Smartwatch,North,3342,641,Bhopal,80000
Desktop,South,3851,378,Pune,80000
Smartphone,South,2370,989,Gandhinagar,80000
Headphones,South,4795,718,Amreli,80000
Laptop,Central,2623,413,Rajkot,80000
Smartphone,South,1775,887,Noida,80000
Smartwatch,East,4782,568,Gandhinagar,80000
Smartwatch,West,3842,544,Rajkot,80000
Headphones,West,688,913,Gandhinagar,80000
Desktop,South,4122,613,Rajkot,50000
Tablet,North,1474,539,Pune,50000
Laptop,Central,999,997,Amreli,50000
Headphones,North,1865,493,Ahemdabad,50000
Headphones,Central,4964,364,Pune,50000
Tablet,North,2369,502,Amreli,50000
Smartwatch,South,4413,743,Gandhinagar,50000
Laptop,West,1871,688,Noida,50000
Desktop,East,2797,946,Pune,50000
Desktop,Central,3095,192,Patan,50000
Headphones,South,2563,401,Ahemdabad,50000
Desktop,Central,3723,301,Amreli,50000
Tablet,East,4239,335,Mumbai,50000
Laptop,East,1396,231,Delhi,50000
Smartphone,North,3848,574,Bangalore,50000
Headphones,North,2428,953,Hyderabad,50000
Desktop,West,3831,745,Chennai,50000
Desktop,South,4563,955,Pune,50000
Tablet,West,2150,745,Amreli,50000
Smartwatch,Central,1991,895,Gandhinagar,50000
Laptop,Central,1119,579,Noida,50000
Desktop,South,4257,703,Pune,50000
Laptop,Central,4915,338,Patan,50000
Desktop,East,3790,120,Ahemdabad,50000
Headphones,East,1159,329,Patan,50000
Smartphone,West,4471,548,Patan,50000
Laptop,Central,3696,89,Patan,50000
Smartphone,East,2663,280,Patan,50000
Smartwatch,South,3005,801,Ahemdabad,50000
Tablet,Central,1663,517,Mumbai,50000
Smartwatch,North,1226,877,Kutch,50000
Headphones,North,2079,793,Bhopal,50000
Headphones,West,2182,594,Pune,50000
Tablet,Central,4575,280,Gandhinagar,50000
Laptop,East,4038,762,Mumbai,50000
Tablet,Central,4730,721,Delhi,50000
Smartphone,West,709,202,Bangalore,50000
Smartphone,South,3132,517,Hyderabad,50000
Laptop,South,1749,427,Chennai,50000
Headphones,West,4978,831,Delhi,50000
Tablet,South,4399,693,Bangalore,50000
Smartwatch,West,1149,359,Hyderabad,50000
Desktop,East,1788,358,Chennai,50000
Headphones,South,1642,205,Pune,50000
Desktop,West,3634,732,Amreli,50000
Desktop,East,3526,372,Gandhinagar,50000
Desktop,East,2379,687,Noida,50000
Laptop,North,2690,147,Pune,50000
Laptop,South,4214,685,Patan,50000
Laptop,East,3255,154,Ahemdabad,50000
Desktop,West,4706,946,Mumbai,50000
Laptop,West,1279,522,Delhi,50000
Smartwatch,Central,3511,804,Bangalore,50000
Tablet,East,3265,139,Hyderabad,50000
Smartphone,Central,4448,534,Chennai,50000
Headphones,East,3160,999,Pune,50000
Smartwatch,North,1468,437,Amreli,50000
Tablet,South,2873,431,Gandhinagar,50000
Desktop,West,1588,659,Noida,50000
Smartphone,South,3163,306,Pune,50000
Laptop,Central,2383,111,Patan,50000
Tablet,North,3378,427,Ahemdabad,50000
Laptop,Central,1742,636,Pune,50000
Tablet,West,1157,737,Amreli,50000
Headphones,East,4737,992,Gandhinagar,50000
Smartwatch,West,3783,583,Noida,50000
Laptop,East,3844,369,Pune,50000
Laptop,North,1867,543,Patan,50000
Headphones,North,3702,282,Ahemdabad,50000
Headphones,East,3736,676,Pune,45000
Laptop,West,942,931,Amreli,45000
Smartphone,West,2254,607,Gandhinagar,45000
Desktop,West,2235,554,Noida,45000
Desktop,Central,3102,767,Pune,45000
Smartwatch,East,2997,802,Patan,45000
Desktop,East,2707,374,Ahemdabad,45000
Tablet,West,853,882,Amreli,45000
Tablet,Central,4209,313,Gandhinagar,45000
Laptop,North,2063,394,Noida,45000
Desktop,South,1822,942,Pune,45000
Desktop,West,2028,261,Patan,45000
Desktop,South,1379,880,Ahemdabad,45000
Desktop,East,1830,438,Patan,45000
Desktop,East,2411,721,Patan,45000
Laptop,North,2935,478,Patan,45000
Tablet,Central,710,486,Patan,45000
Desktop,East,4769,733,Ahemdabad,45000
Desktop,West,1097,622,Mumbai,45000
Laptop,East,4103,809,Kutch,45000
Tablet,North,1153,55,Bhopal,45000
Tablet,West,4530,189,Pune,45000
Headphones,West,3408,183,Gandhinagar,45000
Headphones,North,934,656,Patan,45000
Tablet,South,1449,861,Patan,45000
Desktop,West,3492,325,Patan,45000
Smartwatch,West,2132,526,Patan,45000
Smartphone,West,4431,265,Ahemdabad,45000
Smartwatch,North,875,546,Mumbai,45000
Headphones,West,3339,102,Kutch,45000
Tablet,North,4047,143,Bhopal,45000
Headphones,Central,2723,362,Pune,45000
Laptop,South,3758,349,Gandhinagar,45000
Smartphone,Central,2397,82,Amreli,45000
Desktop,South,1434,716,Rajkot,45000
Tablet,Central,4797,852,Mumbai,45000
Smartphone,Central,4871,727,Kutch,45000
Smartphone,East,2557,634,Patan,45000
Smartwatch,South,1622,85,Patan,45000
Headphones,East,4347,617,Patan,45000
Desktop,West,2706,519,Patan,45000
Desktop,East,2075,661,Ahemdabad,45000
Smartphone,West,4389,650,Mumbai,45000
Smartphone,Central,2100,460,Kutch,45000
Smartphone,South,1474,706,Bhopal,45000
Smartphone,West,1056,829,Pune,45000
Smartphone,Central,3343,816,Gandhinagar,45000
Desktop,East,2723,292,Amreli,45000
Laptop,West,2056,801,Rajkot,45000
Tablet,South,4299,174,Noida,45000
Desktop,Central,3785,815,Gandhinagar,45000
Smartwatch,North,3959,219,Rajkot,45000
Laptop,East,1926,385,Gandhinagar,45000
Smartphone,East,3770,523,Rajkot,45000
Smartwatch,Central,2535,456,Pune,45000
Tablet,West,3607,597,Amreli,45000
Smartwatch,Central,4524,221,Ahemdabad,45000
Smartphone,Central,2896,700,Pune,45000
Laptop,West,2325,477,Amreli,45000
Smartwatch,Central,1740,843,Gandhinagar,45000
Smartphone,East,2394,184,Noida,45000
Tablet,South,4226,426,Pune,45000
Smartwatch,West,2855,967,Patan,45000
Headphones,South,1563,576,Ahemdabad,45000
Headphones,South,4480,485,Amreli,45000
Headphones,North,4969,223,Mumbai,45000
Smartphone,South,2457,624,Delhi,45000
Headphones,West,1538,716,Bangalore,45000
Smartwatch,South,1698,275,Hyderabad,45000
Smartwatch,North,4410,403,Chennai,45000
Tablet,South,1922,572,Pune,45000
Laptop,North,581,235,Amreli,45000
Desktop,South,2604,991,Gandhinagar,45000
Tablet,South,635,636,Noida,45000
Tablet,East,3848,78,Pune,45000
Laptop,North,1654,516,Patan,45000
Smartphone,South,4768,739,Ahemdabad,45000
Desktop,West,920,510,Patan,45000
Laptop,West,2962,208,Patan,45000
Laptop,Central,2984,758,Patan,45000
Tablet,North,4020,451,Patan,45000
Headphones,West,864,828,Ahemdabad,45000
Headphones,North,2041,829,Mumbai,45000
Desktop,Central,3781,880,Kutch,45000
Desktop,West,2248,444,Bhopal,45000
Laptop,East,4019,72,Pune,45000
Laptop,North,2838,929,Gandhinagar,45000
Smartphone,West,4332,245,Mumbai,45000
Smartphone,East,759,888,Delhi,45000
Laptop,West,3671,481,Bangalore,45000
Smartwatch,North,4911,449,Hyderabad,45000
Smartwatch,East,3243,143,Chennai,45000
Smartphone,North,2389,938,Delhi,45000
Smartwatch,Central,3230,424,Bangalore,45000
Desktop,East,3848,537,Hyderabad,45000
Smartphone,East,2089,94,Chennai,45000
Desktop,Central,896,735,Pune,45000
Headphones,South,2952,474,Amreli,45000
Headphones,East,1119,229,Gandhinagar,45000
Tablet,West,4681,882,Noida,45000
Headphones,West,884,875,Pune,45000
Desktop,Central,2906,333,Patan,45000
Smartwatch,South,2894,437,Ahemdabad,45000
Smartwatch,Central,1489,144,Mumbai,45000
Desktop,South,1053,264,Delhi,45000
Laptop,East,1072,941,Bangalore,45000
Smartwatch,South,3885,614,Hyderabad,45000
Headphones,Central,988,648,Chennai,45000
Smartphone,West,1680,197,Pune,45000
Desktop,East,2720,253,Amreli,45000
Desktop,West,3116,376,Gandhinagar,45000
Desktop,West,4545,735,Noida,45000
Tablet,East,577,713,Pune,45000
Smartwatch,North,3515,159,Patan,45000
Tablet,West,3825,621,Ahemdabad,45000
Tablet,Central,2566,117,Pune,45000
Laptop,East,3687,372,Amreli,45000
Smartphone,East,1256,134,Gandhinagar,45000
Smartphone,West,1890,364,Noida,45000
Smartwatch,West,2397,765,Pune,45000
Desktop,North,1580,310,Patan,45000
Headphones,West,4976,810,Ahemdabad,45000
Smartphone,East,4493,199,Pune,45000
Laptop,West,4091,171,Amreli,45000
Tablet,West,1108,297,Gandhinagar,45000
Desktop,West,2491,68,Noida,45000
Laptop,Central,3789,743,Pune,45000
Tablet,East,2774,711,Patan,45000
Headphones,South,3564,451,Ahemdabad,45000
Desktop,Central,1219,706,Delhi,45000
Headphones,East,2704,979,Bangalore,45000
Headphones,West,1333,990,Hyderabad,45000
Desktop,North,904,170,Chennai,45000
Desktop,North,650,143,Pune,45000
Tablet,West,1927,379,Amreli,45000
Smartwatch,West,4747,448,Gandhinagar,45000
Tablet,West,3868,92,Noida,45000
Smartphone,West,952,425,Pune,45000
Smartwatch,East,1824,480,Patan,45000
Headphones,West,4456,860,Ahemdabad,45000
Desktop,West,4193,119,Chennai,45000
Smartphone,West,3301,529,Pune,45000
Smartwatch,West,793,590,Amreli,45000
Headphones,Central,1033,676,Gandhinagar,45000
Smartphone,West,698,913,Noida,45000
Smartphone,East,1161,992,Pune,45000
Laptop,West,4518,104,Patan,45000
Headphones,North,920,985,Ahemdabad,45000
Laptop,South,1692,515,Mumbai,45000
Laptop,South,1345,553,Delhi,45000
Headphones,Central,4092,121,Bangalore,45000
Headphones,North,1826,964,Hyderabad,45000
Desktop,Central,2482,95,Chennai,45000
Tablet,North,3213,298,Mumbai,45000
Smartwatch,Central,2036,907,Kutch,45000
Headphones,Central,3655,443,Patan,45000
Tablet,West,1554,311,Patan,45000
Desktop,Central,4681,996,Patan,45000
Smartwatch,West,2399,332,Patan,45000
Headphones,North,4023,919,Ahemdabad,45000
Smartwatch,West,3603,937,Mumbai,45000
Desktop,North,3003,793,Kutch,45000
Desktop,West,4644,129,Bhopal,45000
Desktop,West,2778,790,Pune,45000
Tablet,North,4074,187,Gandhinagar,45000
Smartphone,Central,2442,620,Amreli,45000
Smartwatch,South,1940,163,Rajkot,45000
Laptop,South,4513,624,Noida,45000
Laptop,East,4300,756,Gandhinagar,45000
Smartwatch,South,1432,589,Rajkot,45000
Desktop,South,1279,693,Gandhinagar,45000
Desktop,Central,4560,131,Rajkot,45000
Tablet,South,1897,654,Pune,45000
Desktop,East,1102,709,Amreli,45000
Desktop,North,707,226,Ahemdabad,45000
Smartphone,East,2694,373,Pune,45000
Headphones,North,2873,977,Amreli,45000
Smartphone,North,664,332,Gandhinagar,45000
Laptop,South,4291,707,Noida,45000
Smartphone,North,4915,832,Pune,45000
Smartwatch,Central,1749,365,Patan,45000
Tablet,South,2141,168,Ahemdabad,45000
Smartwatch,North,2881,442,Amreli,45000
Desktop,West,1450,530,Mumbai,45000
Smartwatch,West,1789,903,Delhi,45000
Tablet,East,3304,199,Bangalore,45000
Tablet,North,2315,781,Hyderabad,45000
Headphones,East,4973,970,Chennai,45000
Headphones,South,751,213,Pune,45000
Tablet,East,1178,222,Amreli,45000
Smartphone,East,1963,627,Gandhinagar,45000
Headphones,West,2657,161,Noida,45000
Laptop,Central,512,731,Pune,45000
Headphones,East,4306,785,Patan,45000
Smartphone,Central,2687,812,Ahemdabad,45000
Desktop,North,1219,688,Patan,45000
Headphones,South,525,312,Patan,45000
Laptop,West,819,324,Patan,45000
Headphones,Central,4017,83,Patan,45000
Tablet,North,543,483,Ahemdabad,45000
Desktop,Central,613,286,Mumbai,45000
Smartphone,West,511,421,Kutch,45000
Desktop,North,1012,708,Bhopal,45000
Smartphone,Central,4009,708,Pune,45000
Headphones,South,925,825,Gandhinagar,45000
Smartwatch,East,3802,51,Patan,45000
Headphones,East,3339,628,Patan,45000
Smartwatch,East,4910,954,Patan,45000
Tablet,West,936,801,Patan,45000
Headphones,South,4148,241,Ahemdabad,45000
Headphones,Central,4762,443,Mumbai,45000
Headphones,West,3203,196,Kutch,45000
Tablet,West,4219,434,Bhopal,45000
Laptop,South,2218,781,Pune,45000
Laptop,East,2238,92,Gandhinagar,45000
Smartwatch,North,4873,928,Amreli,45000
Tablet,East,937,589,Rajkot,45000
Headphones,South,2717,86,Mumbai,45000
Laptop,West,1234,797,Kutch,45000
Smartphone,North,3871,900,Patan,45000
Laptop,East,2218,432,Patan,45000
Desktop,East,2214,225,Patan,45000
Tablet,South,3502,252,Patan,45000
Tablet,South,2124,863,Ahemdabad,45000
Smartphone,Central,1369,414,Mumbai,45000
Desktop,East,617,151,Kutch,45000
Laptop,East,3665,276,Bhopal,45000
Laptop,East,2394,980,Pune,45000
Smartwatch,Central,4367,776,Gandhinagar,45000
Smartwatch,West,4228,138,Amreli,45000
Desktop,West,1630,299,Rajkot,45000
Smartphone,Central,2221,811,Noida,45000
Laptop,East,1749,408,Gandhinagar,45000
Headphones,Central,3612,849,Rajkot,45000
Headphones,West,3346,514,Gandhinagar,45000
Laptop,South,2606,416,Rajkot,45000
Smartwatch,North,3812,678,Pune,45000
Headphones,South,2236,438,Amreli,45000
Smartphone,East,3235,696,Ahemdabad,45000
Smartwatch,Central,4904,377,Pune,45000
Laptop,Central,4100,290,Amreli,45000
Laptop,North,2226,893,Gandhinagar,45000
Tablet,East,4928,287,Noida,45000
Smartphone,West,4404,575,Pune,45000
Smartwatch,East,4014,542,Patan,45000
Headphones,North,2730,67,Ahemdabad,45000
Desktop,North,4879,269,Amreli,45000
Smartphone,West,4199,545,Mumbai,45000
Headphones,South,4931,990,Delhi,45000
Tablet,North,2976,563,Bangalore,45000
Tablet,South,2866,842,Hyderabad,45000
Tablet,East,1135,204,Chennai,45000
Headphones,Central,2637,915,Pune,45000
Tablet,Central,4340,340,Amreli,45000
Smartwatch,East,3393,692,Gandhinagar,45000
Desktop,East,2756,916,Noida,45000
Smartphone,Central,4046,604,Pune,45000
Desktop,Central,2413,488,Patan,45000
Smartwatch,West,4612,878,Ahemdabad,45000
Smartwatch,South,798,180,Patan,45000
Laptop,South,3753,394,Patan,45000
Headphones,North,1817,823,Patan,45000
Smartphone,West,2805,325,Patan,45000
Laptop,South,3358,356,Ahemdabad,45000
Desktop,Central,1700,394,Mumbai,45000
Desktop,East,1518,564,Kutch,45000
Tablet,East,1391,811,Bhopal,45000
Smartwatch,Central,828,142,Pune,45000
Headphones,South,1780,277,Gandhinagar,45000
Smartphone,North,809,52,Mumbai,45000
Laptop,Central,727,550,Delhi,45000
Laptop,East,682,559,Bangalore,45000
Smartwatch,West,1025,845,Hyderabad,45000
Headphones,Central,4280,498,Chennai,45000
Tablet,South,1765,957,Delhi,45000
Laptop,East,1149,235,Bangalore,45000
Smartwatch,West,4042,962,Hyderabad,45000
Tablet,West,2469,736,Chennai,45000
Smartwatch,East,3082,813,Pune,45000
Smartwatch,Central,4450,387,Amreli,45000
Headphones,North,2022,84,Gandhinagar,45000
Smartphone,North,3910,910,Noida,45000
Laptop,West,1698,837,Pune,45000
Headphones,South,1932,716,Patan,45000
Tablet,East,2371,785,Ahemdabad,45000
Smartwatch,South,1104,174,Mumbai,45000
Tablet,North,3393,986,Delhi,45000
Laptop,East,2889,840,Bangalore,45000
Smartwatch,North,2081,649,Hyderabad,45000
Headphones,East,2139,151,Chennai,45000
Laptop,East,4079,84,Pune,45000
Tablet,East,1107,989,Amreli,45000
Headphones,South,2346,289,Gandhinagar,45000
Laptop,North,1927,402,Noida,45000
Smartwatch,South,3099,828,Pune,45000
Tablet,West,3507,583,Patan,45000
Desktop,North,3228,152,Ahemdabad,45000
Laptop,West,4504,60,Pune,45000
Smartphone,North,1633,826,Amreli,45000
Headphones,Central,2230,69,Gandhinagar,45000
Desktop,West,3010,105,Noida,45000
Headphones,West,504,208,Pune,45000
Headphones,West,1832,936,Patan,45000
Smartwatch,South,4006,873,Ahemdabad,45000
Headphones,South,1260,205,Pune,45000
Smartwatch,South,4451,921,Amreli,45000
Tablet,East,985,708,Gandhinagar,45000
Tablet,North,2020,705,Noida,45000
Tablet,South,3780,375,Pune,45000
Desktop,Central,1526,707,Patan,45000
Smartwatch,North,746,439,Ahemdabad,45000
Laptop,Central,4536,155,Amreli,45000
Smartwatch,North,3815,310,Gandhinagar,45000
Smartphone,South,2045,279,Noida,45000
Desktop,Central,4646,986,Pune,45000
Desktop,West,3421,118,Patan,45000
Desktop,Central,4880,510,Ahemdabad,45000
Desktop,South,2167,839,Patan,45000
Headphones,South,1829,760,Patan,45000
Smartphone,South,3010,357,Patan,45000
Laptop,East,2202,260,Patan,45000
Desktop,North,1165,909,Ahemdabad,45000
Headphones,West,600,342,Mumbai,45000
Smartwatch,South,4572,528,Kutch,45000
Tablet,Central,3807,660,Bhopal,45000
Laptop,South,2537,760,Pune,45000
Desktop,West,4925,302,Gandhinagar,45000
Tablet,North,2400,785,Patan,45000
Smartphone,East,1002,342,Patan,45000
Smartwatch,West,1450,551,Patan,45000
Laptop,South,2709,400,Patan,45000
Tablet,Central,862,750,Ahemdabad,45000
Desktop,South,1279,320,Mumbai,45000
Smartphone,South,3571,544,Kutch,45000
Smartwatch,South,2555,249,Bhopal,30000
Smartwatch,North,771,917,Pune,30000
Tablet,East,1633,115,Gandhinagar,30000
Tablet,East,3131,535,Amreli,30000
Laptop,East,3367,563,Rajkot,30000
Desktop,East,2672,649,Mumbai,30000
Smartphone,West,4798,649,Kutch,30000
Tablet,West,3013,830,Patan,30000
Laptop,Central,3220,748,Patan,30000
Laptop,North,1978,655,Patan,30000
Tablet,North,1168,59,Patan,30000
Headphones,South,3247,920,Ahemdabad,30000
Smartphone,West,3875,87,Mumbai,30000
Tablet,East,3120,368,Kutch,30000
Headphones,Central,629,707,Bhopal,30000
Tablet,West,1061,142,Pune,30000
Laptop,North,4645,51,Gandhinagar,30000
Desktop,South,2095,558,Amreli,30000
Laptop,South,2187,376,Rajkot,30000
Laptop,East,1126,246,Noida,30000
Smartwatch,North,4298,327,Gandhinagar,30000
Desktop,South,2733,926,Rajkot,30000
Headphones,North,3595,502,Gandhinagar,30000
Headphones,East,4615,599,Rajkot,30000
Headphones,West,3146,715,Pune,30000
Smartwatch,East,4207,469,Amreli,30000
Headphones,Central,3959,659,Ahemdabad,30000
Tablet,East,3734,680,Pune,30000
Desktop,East,1713,856,Amreli,30000
Smartwatch,South,1571,615,Gandhinagar,30000
Smartwatch,West,2930,381,Noida,30000
Desktop,North,2217,220,Pune,30000
Laptop,West,3483,763,Patan,30000
Smartwatch,South,2879,504,Ahemdabad,30000
Smartphone,East,2909,227,Amreli,30000
Desktop,North,3282,753,Mumbai,30000
Tablet,East,1405,570,Delhi,30000
Desktop,North,4593,249,Bangalore,30000
Headphones,East,3716,949,Hyderabad,30000
Tablet,Central,1863,857,Chennai,30000
Laptop,West,1972,396,Pune,30000
Smartwatch,South,826,371,Amreli,30000
Laptop,Central,1782,99,Gandhinagar,30000
Smartphone,East,2159,402,Noida,30000
Laptop,South,4770,199,Pune,30000
Laptop,East,4444,461,Patan,30000
Smartphone,West,2659,838,Ahemdabad,30000
Smartphone,West,2593,750,Patan,30000
Smartwatch,North,3932,956,Patan,30000
Headphones,North,3454,215,Patan,30000
Desktop,North,4250,928,Patan,30000
Headphones,South,2044,294,Ahemdabad,30000
Laptop,East,3778,357,Mumbai,30000
Smartphone,Central,1176,135,Kutch,30000
Smartwatch,South,3765,430,Bhopal,30000
Smartphone,East,3457,872,Pune,30000
Smartwatch,East,2147,596,Gandhinagar,30000
Tablet,East,3059,145,Mumbai,30000
Tablet,West,2932,785,Delhi,30000
Laptop,East,2583,781,Bangalore,30000
Smartwatch,West,707,470,Hyderabad,30000
Tablet,South,1586,209,Chennai,30000
Smartwatch,West,1841,851,Delhi,30000
Smartwatch,Central,1176,167,Bangalore,30000
Headphones,Central,2694,260,Hyderabad,30000
Laptop,Central,3525,699,Chennai,30000
Desktop,East,1991,605,Pune,30000
Smartwatch,East,1833,468,Amreli,30000
Smartphone,North,3705,689,Gandhinagar,30000
Laptop,South,1293,880,Noida,30000
Laptop,Central,2145,752,Pune,30000
Smartphone,North,2258,704,Patan,30000
Smartwatch,South,1525,757,Ahemdabad,30000
Laptop,South,4320,915,Mumbai,30000
Smartwatch,East,2237,280,Delhi,30000
Headphones,South,2951,120,Bangalore,30000
Tablet,West,4380,131,Hyderabad,30000
Desktop,North,2756,442,Chennai,30000
Headphones,East,891,444,Pune,30000
Headphones,North,755,790,Amreli,30000
Tablet,North,3840,628,Gandhinagar,30000
Smartphone,North,1407,145,Noida,30000
Smartphone,West,951,937,Pune,30000
Smartwatch,West,3193,503,Patan,30000
Laptop,East,1078,133,Ahemdabad,30000
Smartphone,Central,2501,963,Pune,30000
Headphones,West,853,671,Amreli,30000
Smartwatch,South,3710,223,Gandhinagar,30000
Headphones,Central,1209,656,Noida,30000
Tablet,Central,4402,280,Pune,30000
Desktop,East,4598,436,Patan,30000
Smartwatch,North,2258,409,Ahemdabad,30000
Smartwatch,South,3288,90,Pune,30000
Tablet,North,2728,204,Amreli,30000
Desktop,West,4517,814,Gandhinagar,30000
Laptop,East,4530,125,Noida,30000
Laptop,East,4314,922,Pune,30000
Smartwatch,West,4883,781,Patan,30000
Tablet,South,4608,817,Ahemdabad,30000
Desktop,Central,706,188,Amreli,30000
Smartwatch,South,3216,424,Gandhinagar,30000
Laptop,North,2172,818,Noida,30000
Headphones,East,2384,824,Pune,30000
Headphones,Central,1608,376,Patan,30000
Smartwatch,South,3571,694,Ahemdabad,30000
Desktop,East,1750,979,Patan,30000
Laptop,South,3394,995,Patan,30000
Desktop,South,4090,808,Patan,30000
Smartphone,West,872,407,Patan,30000
Smartphone,Central,1048,656,Ahemdabad,30000
Desktop,South,631,876,Mumbai,30000
Smartwatch,Central,1468,125,Kutch,30000
Tablet,Central,3926,111,Bhopal,30000
Laptop,South,4028,258,Pune,30000
Smartwatch,Central,1214,444,Gandhinagar,30000
Laptop,North,4418,472,Patan,30000
Laptop,South,1616,310,Patan,30000
Laptop,North,724,714,Patan,30000
Desktop,East,4272,63,Patan,30000
Headphones,East,4247,382,Ahemdabad,30000
Headphones,West,1052,254,Mumbai,30000
Laptop,East,4602,615,Kutch,30000
Desktop,Central,3317,995,Bhopal,30000
Smartphone,West,1237,762,Pune,30000
Tablet,Central,2094,540,Gandhinagar,30000
Smartphone,West,2915,661,Amreli,30000
Headphones,West,4744,605,Rajkot,30000
Tablet,West,2751,663,Mumbai,30000
Desktop,Central,2115,106,Kutch,30000
Smartphone,South,3020,790,Patan,30000
Smartphone,South,2880,913,Patan,30000
Headphones,East,1110,915,Patan,30000
Headphones,North,2045,358,Patan,30000
Tablet,East,876,486,Ahemdabad,30000
Smartphone,South,1845,759,Mumbai,30000
Tablet,West,4150,466,Kutch,30000
Headphones,West,3079,312,Bhopal,30000
Smartphone,East,2522,464,Pune,30000
Tablet,East,3859,424,Gandhinagar,30000
Smartwatch,Central,3463,196,Amreli,30000
Headphones,East,2492,793,Rajkot,30000
Smartphone,Central,843,121,Noida,30000
Smartphone,Central,1926,736,Gandhinagar,30000
Desktop,West,3365,409,Rajkot,30000
Smartwatch,East,1095,444,Gandhinagar,30000
Smartphone,North,3637,596,Rajkot,30000
Headphones,West,1490,616,Pune,30000
Headphones,West,4042,357,Amreli,30000
Smartphone,West,3411,462,Ahemdabad,30000
Laptop,South,2632,575,Pune,30000
Tablet,Central,2273,469,Amreli,30000
Desktop,North,2110,166,Gandhinagar,30000
Smartphone,North,720,574,Noida,30000
Laptop,South,520,860,Pune,30000
Smartwatch,East,1565,272,Patan,30000
Tablet,East,4842,766,Ahemdabad,30000
Smartphone,South,2018,703,Amreli,30000
Smartwatch,North,3001,228,Mumbai,15000
Laptop,West,4113,180,Delhi,60000
Laptop,East,4948,626,Bangalore,45000
Headphones,West,3790,418,Hyderabad,85000
